iteracion,eficiencia,Dij_promedio
0,0.04308671778939703,0.04093238189992718
1,0.027727408941780128,0.02634103849469112
2,0.027367552303011928,0.02599917468786133
3,0.02736433504548498,0.025996118293210732
4,0.027364332844524344,0.025996116202298126
5,0.027364332844518568,0.025996116202292637
6,0.027364332844518568,0.025996116202292637
7,0.027364332844518568,0.025996116202292637
8,0.027364332844518568,0.025996116202292637
9,0.027364332844518568,0.025996116202292637
10,0.027364332844518568,0.025996116202292637
11,0.027364332844518568,0.025996116202292637
12,0.027364332844518568,0.025996116202292637
13,0.027364332844518568,0.025996116202292637
14,0.027364332844518568,0.025996116202292637
15,0.027364332844518568,0.025996116202292637
16,0.027364332844518568,0.025996116202292637
17,0.027364332844518568,0.025996116202292637
18,0.027364332844518568,0.025996116202292637
19,0.027364332844518568,0.025996116202292637
20,0.027364332844518568,0.025996116202292637
21,0.027364332844518568,0.025996116202292637
22,0.027364332844518568,0.025996116202292637
23,0.027364332844518568,0.025996116202292637
24,0.027364332844518568,0.025996116202292637
25,0.027364332844518568,0.025996116202292637
26,0.027364332844518568,0.025996116202292637
27,0.027364332844518568,0.025996116202292637
28,0.027364332844518568,0.025996116202292637
29,0.027364332844518568,0.025996116202292637
30,0.027364332844518568,0.025996116202292637
31,0.027364332844518568,0.025996116202292637
32,0.027364332844518568,0.025996116202292637
33,0.027364332844518568,0.025996116202292637
34,0.027364332844518568,0.025996116202292637
35,0.027364332844518568,0.025996116202292637
36,0.027364332844518568,0.025996116202292637
37,0.027364332844518568,0.025996116202292637
38,0.027364332844518568,0.025996116202292637
39,0.027364332844518568,0.025996116202292637
40,0.027364332844518568,0.025996116202292637
41,0.027364332844518568,0.025996116202292637
42,0.027364332844518568,0.025996116202292637
43,0.027364332844518568,0.025996116202292637
44,0.027364332844518568,0.025996116202292637
45,0.027364332844518568,0.025996116202292637
46,0.027364332844518568,0.025996116202292637
47,0.027364332844518568,0.025996116202292637
48,0.027364332844518568,0.025996116202292637
49,0.027364332844518568,0.025996116202292637
50,0.027364332844518568,0.025996116202292637
51,0.027364332844518568,0.025996116202292637
52,0.027364332844518568,0.025996116202292637
53,0.027364332844518568,0.025996116202292637
54,0.027364332844518568,0.025996116202292637
55,0.027364332844518568,0.025996116202292637
56,0.027364332844518568,0.025996116202292637
57,0.027364332844518568,0.025996116202292637
58,0.027364332844518568,0.025996116202292637
59,0.027364332844518568,0.025996116202292637
60,0.027364332844518568,0.025996116202292637
61,0.027364332844518568,0.025996116202292637
62,0.027364332844518568,0.025996116202292637
63,0.027364332844518568,0.025996116202292637
64,0.027364332844518568,0.025996116202292637
65,0.027364332844518568,0.025996116202292637
66,0.027364332844518568,0.025996116202292637
67,0.027364332844518568,0.025996116202292637
68,0.027364332844518568,0.025996116202292637
69,0.027364332844518568,0.025996116202292637
70,0.027364332844518568,0.025996116202292637
71,0.027364332844518568,0.025996116202292637
72,0.027364332844518568,0.025996116202292637
73,0.027364332844518568,0.025996116202292637
74,0.027364332844518568,0.025996116202292637
75,0.027364332844518568,0.025996116202292637
76,0.027364332844518568,0.025996116202292637
77,0.027364332844518568,0.025996116202292637
78,0.027364332844518568,0.025996116202292637
79,0.027364332844518568,0.025996116202292637
80,0.027364332844518568,0.025996116202292637
81,0.027364332844518568,0.025996116202292637
82,0.027364332844518568,0.025996116202292637
83,0.027364332844518568,0.025996116202292637
84,0.027364332844518568,0.025996116202292637
85,0.027364332844518568,0.025996116202292637
86,0.027364332844518568,0.025996116202292637
87,0.027364332844518568,0.025996116202292637
88,0.027364332844518568,0.025996116202292637
89,0.027364332844518568,0.025996116202292637
90,0.027364332844518568,0.025996116202292637
91,0.027364332844518568,0.025996116202292637
92,0.027364332844518568,0.025996116202292637
93,0.027364332844518568,0.025996116202292637
94,0.027364332844518568,0.025996116202292637
95,0.027364332844518568,0.025996116202292637
96,0.027364332844518568,0.025996116202292637
97,0.027364332844518568,0.025996116202292637
98,0.027364332844518568,0.025996116202292637
99,0.027364332844518568,0.025996116202292637
100,0.027364332844518568,0.025996116202292637
101,0.027364332844518568,0.025996116202292637
102,0.027364332844518568,0.025996116202292637
103,0.027364332844518568,0.025996116202292637
104,0.027364332844518568,0.025996116202292637
105,0.027364332844518568,0.025996116202292637
106,0.027364332844518568,0.025996116202292637
107,0.027364332844518568,0.025996116202292637
108,0.027364332844518568,0.025996116202292637
109,0.027364332844518568,0.025996116202292637
110,0.027364332844518568,0.025996116202292637
111,0.027364332844518568,0.025996116202292637
112,0.027364332844518568,0.025996116202292637
113,0.027364332844518568,0.025996116202292637
114,0.027364332844518568,0.025996116202292637
115,0.027364332844518568,0.025996116202292637
116,0.027364332844518568,0.025996116202292637
117,0.027364332844518568,0.025996116202292637
118,0.027364332844518568,0.025996116202292637
119,0.027364332844518568,0.025996116202292637
120,0.027364332844518568,0.025996116202292637
121,0.027364332844518568,0.025996116202292637
122,0.027364332844518568,0.025996116202292637
123,0.027364332844518568,0.025996116202292637
124,0.027364332844518568,0.025996116202292637
125,0.027364332844518568,0.025996116202292637
126,0.027364332844518568,0.025996116202292637
127,0.027364332844518568,0.025996116202292637
128,0.027364332844518568,0.025996116202292637
129,0.027364332844518568,0.025996116202292637
130,0.027364332844518568,0.025996116202292637
131,0.027364332844518568,0.025996116202292637
132,0.027364332844518568,0.025996116202292637
133,0.027364332844518568,0.025996116202292637
134,0.027364332844518568,0.025996116202292637
135,0.027364332844518568,0.025996116202292637
136,0.027364332844518568,0.025996116202292637
137,0.027364332844518568,0.025996116202292637
138,0.027364332844518568,0.025996116202292637
139,0.027364332844518568,0.025996116202292637
140,0.027364332844518568,0.025996116202292637
141,0.027364332844518568,0.025996116202292637
142,0.027364332844518568,0.025996116202292637
143,0.027364332844518568,0.025996116202292637
144,0.027364332844518568,0.025996116202292637
145,0.027364332844518568,0.025996116202292637
146,0.027364332844518568,0.025996116202292637
147,0.027364332844518568,0.025996116202292637
148,0.027364332844518568,0.025996116202292637
149,0.027364332844518568,0.025996116202292637
150,0.027364332844518568,0.025996116202292637
151,0.027364332844518568,0.025996116202292637
152,0.027364332844518568,0.025996116202292637
153,0.027364332844518568,0.025996116202292637
154,0.027364332844518568,0.025996116202292637
155,0.027364332844518568,0.025996116202292637
156,0.027364332844518568,0.025996116202292637
157,0.027364332844518568,0.025996116202292637
158,0.027364332844518568,0.025996116202292637
159,0.027364332844518568,0.025996116202292637
160,0.027364332844518568,0.025996116202292637
161,0.027364332844518568,0.025996116202292637
162,0.027364332844518568,0.025996116202292637
163,0.027364332844518568,0.025996116202292637
164,0.027364332844518568,0.025996116202292637
165,0.027364332844518568,0.025996116202292637
166,0.027364332844518568,0.025996116202292637
167,0.027364332844518568,0.025996116202292637
168,0.027364332844518568,0.025996116202292637
169,0.027364332844518568,0.025996116202292637
170,0.027364332844518568,0.025996116202292637
171,0.027364332844518568,0.025996116202292637
172,0.027364332844518568,0.025996116202292637
173,0.027364332844518568,0.025996116202292637
174,0.027364332844518568,0.025996116202292637
175,0.027364332844518568,0.025996116202292637
176,0.027364332844518568,0.025996116202292637
177,0.027364332844518568,0.025996116202292637
178,0.027364332844518568,0.025996116202292637
179,0.027364332844518568,0.025996116202292637
180,0.027364332844518568,0.025996116202292637
181,0.027364332844518568,0.025996116202292637
182,0.027364332844518568,0.025996116202292637
183,0.027364332844518568,0.025996116202292637
184,0.027364332844518568,0.025996116202292637
185,0.027364332844518568,0.025996116202292637
186,0.027364332844518568,0.025996116202292637
187,0.027364332844518568,0.025996116202292637
188,0.027364332844518568,0.025996116202292637
189,0.027364332844518568,0.025996116202292637
190,0.027364332844518568,0.025996116202292637
191,0.027364332844518568,0.025996116202292637
192,0.027364332844518568,0.025996116202292637
193,0.027364332844518568,0.025996116202292637
194,0.027364332844518568,0.025996116202292637
195,0.027364332844518568,0.025996116202292637
196,0.027364332844518568,0.025996116202292637
197,0.027364332844518568,0.025996116202292637
198,0.027364332844518568,0.025996116202292637
199,0.027364332844518568,0.025996116202292637
200,0.027364332844518568,0.025996116202292637
201,0.027364332844518568,0.025996116202292637
202,0.027364332844518568,0.025996116202292637
203,0.027364332844518568,0.025996116202292637
204,0.027364332844518568,0.025996116202292637
205,0.027364332844518568,0.025996116202292637
206,0.027364332844518568,0.025996116202292637
207,0.027364332844518568,0.025996116202292637
208,0.027364332844518568,0.025996116202292637
209,0.027364332844518568,0.025996116202292637
210,0.027364332844518568,0.025996116202292637
211,0.027364332844518568,0.025996116202292637
212,0.027364332844518568,0.025996116202292637
213,0.027364332844518568,0.025996116202292637
214,0.027364332844518568,0.025996116202292637
215,0.027364332844518568,0.025996116202292637
216,0.027364332844518568,0.025996116202292637
217,0.027364332844518568,0.025996116202292637
218,0.027364332844518568,0.025996116202292637
219,0.027364332844518568,0.025996116202292637
220,0.027364332844518568,0.025996116202292637
221,0.027364332844518568,0.025996116202292637
222,0.027364332844518568,0.025996116202292637
223,0.027364332844518568,0.025996116202292637
224,0.027364332844518568,0.025996116202292637
225,0.027364332844518568,0.025996116202292637
226,0.027364332844518568,0.025996116202292637
227,0.027364332844518568,0.025996116202292637
228,0.027364332844518568,0.025996116202292637
229,0.027364332844518568,0.025996116202292637
230,0.027364332844518568,0.025996116202292637
231,0.027364332844518568,0.025996116202292637
232,0.027364332844518568,0.025996116202292637
233,0.027364332844518568,0.025996116202292637
234,0.027364332844518568,0.025996116202292637
235,0.027364332844518568,0.025996116202292637
236,0.027364332844518568,0.025996116202292637
237,0.027364332844518568,0.025996116202292637
238,0.027364332844518568,0.025996116202292637
239,0.027364332844518568,0.025996116202292637
240,0.027364332844518568,0.025996116202292637
241,0.027364332844518568,0.025996116202292637
242,0.027364332844518568,0.025996116202292637
243,0.027364332844518568,0.025996116202292637
244,0.027364332844518568,0.025996116202292637
245,0.027364332844518568,0.025996116202292637
246,0.027364332844518568,0.025996116202292637
247,0.027364332844518568,0.025996116202292637
248,0.027364332844518568,0.025996116202292637
249,0.027364332844518568,0.025996116202292637
250,0.027364332844518568,0.025996116202292637
251,0.027364332844518568,0.025996116202292637
252,0.027364332844518568,0.025996116202292637
253,0.027364332844518568,0.025996116202292637
254,0.027364332844518568,0.025996116202292637
255,0.027364332844518568,0.025996116202292637
256,0.027364332844518568,0.025996116202292637
257,0.027364332844518568,0.025996116202292637
258,0.027364332844518568,0.025996116202292637
259,0.027364332844518568,0.025996116202292637
260,0.027364332844518568,0.025996116202292637
261,0.027364332844518568,0.025996116202292637
262,0.027364332844518568,0.025996116202292637
263,0.027364332844518568,0.025996116202292637
264,0.027364332844518568,0.025996116202292637
265,0.027364332844518568,0.025996116202292637
266,0.027364332844518568,0.025996116202292637
267,0.027364332844518568,0.025996116202292637
268,0.027364332844518568,0.025996116202292637
269,0.027364332844518568,0.025996116202292637
270,0.027364332844518568,0.025996116202292637
271,0.027364332844518568,0.025996116202292637
272,0.027364332844518568,0.025996116202292637
273,0.027364332844518568,0.025996116202292637
274,0.027364332844518568,0.025996116202292637
275,0.027364332844518568,0.025996116202292637
276,0.027364332844518568,0.025996116202292637
277,0.027364332844518568,0.025996116202292637
278,0.027364332844518568,0.025996116202292637
279,0.027364332844518568,0.025996116202292637
280,0.027364332844518568,0.025996116202292637
281,0.027364332844518568,0.025996116202292637
282,0.027364332844518568,0.025996116202292637
283,0.027364332844518568,0.025996116202292637
284,0.027364332844518568,0.025996116202292637
285,0.027364332844518568,0.025996116202292637
286,0.027364332844518568,0.025996116202292637
287,0.027364332844518568,0.025996116202292637
288,0.027364332844518568,0.025996116202292637
289,0.027364332844518568,0.025996116202292637
290,0.027364332844518568,0.025996116202292637
291,0.027364332844518568,0.025996116202292637
292,0.027364332844518568,0.025996116202292637
293,0.027364332844518568,0.025996116202292637
294,0.027364332844518568,0.025996116202292637
295,0.027364332844518568,0.025996116202292637
296,0.027364332844518568,0.025996116202292637
297,0.027364332844518568,0.025996116202292637
298,0.027364332844518568,0.025996116202292637
299,0.027364332844518568,0.025996116202292637
300,0.027364332844518568,0.025996116202292637
301,0.027364332844518568,0.025996116202292637
302,0.027364332844518568,0.025996116202292637
303,0.027364332844518568,0.025996116202292637
304,0.027364332844518568,0.025996116202292637
305,0.027364332844518568,0.025996116202292637
306,0.027364332844518568,0.025996116202292637
307,0.027364332844518568,0.025996116202292637
308,0.027364332844518568,0.025996116202292637
309,0.027364332844518568,0.025996116202292637
310,0.027364332844518568,0.025996116202292637
311,0.027364332844518568,0.025996116202292637
312,0.027364332844518568,0.025996116202292637
313,0.027364332844518568,0.025996116202292637
314,0.027364332844518568,0.025996116202292637
315,0.027364332844518568,0.025996116202292637
316,0.027364332844518568,0.025996116202292637
317,0.027364332844518568,0.025996116202292637
318,0.027364332844518568,0.025996116202292637
319,0.027364332844518568,0.025996116202292637
320,0.027364332844518568,0.025996116202292637
321,0.027364332844518568,0.025996116202292637
322,0.027364332844518568,0.025996116202292637
323,0.027364332844518568,0.025996116202292637
324,0.027364332844518568,0.025996116202292637
325,0.027364332844518568,0.025996116202292637
326,0.027364332844518568,0.025996116202292637
327,0.027364332844518568,0.025996116202292637
328,0.027364332844518568,0.025996116202292637
329,0.027364332844518568,0.025996116202292637
330,0.027364332844518568,0.025996116202292637
331,0.027364332844518568,0.025996116202292637
332,0.027364332844518568,0.025996116202292637
333,0.027364332844518568,0.025996116202292637
334,0.027364332844518568,0.025996116202292637
335,0.027364332844518568,0.025996116202292637
336,0.027364332844518568,0.025996116202292637
337,0.027364332844518568,0.025996116202292637
338,0.027364332844518568,0.025996116202292637
339,0.027364332844518568,0.025996116202292637
340,0.027364332844518568,0.025996116202292637
341,0.027364332844518568,0.025996116202292637
342,0.027364332844518568,0.025996116202292637
343,0.027364332844518568,0.025996116202292637
344,0.027364332844518568,0.025996116202292637
345,0.027364332844518568,0.025996116202292637
346,0.027364332844518568,0.025996116202292637
347,0.027364332844518568,0.025996116202292637
348,0.027364332844518568,0.025996116202292637
349,0.027364332844518568,0.025996116202292637
350,0.027364332844518568,0.025996116202292637
351,0.027364332844518568,0.025996116202292637
352,0.027364332844518568,0.025996116202292637
353,0.027364332844518568,0.025996116202292637
354,0.027364332844518568,0.025996116202292637
355,0.027364332844518568,0.025996116202292637
356,0.027364332844518568,0.025996116202292637
357,0.027364332844518568,0.025996116202292637
358,0.027364332844518568,0.025996116202292637
359,0.027364332844518568,0.025996116202292637
360,0.027364332844518568,0.025996116202292637
361,0.027364332844518568,0.025996116202292637
362,0.027364332844518568,0.025996116202292637
363,0.027364332844518568,0.025996116202292637
364,0.027364332844518568,0.025996116202292637
365,0.027364332844518568,0.025996116202292637
366,0.027364332844518568,0.025996116202292637
367,0.027364332844518568,0.025996116202292637
368,0.027364332844518568,0.025996116202292637
369,0.027364332844518568,0.025996116202292637
370,0.027364332844518568,0.025996116202292637
371,0.027364332844518568,0.025996116202292637
372,0.027364332844518568,0.025996116202292637
373,0.027364332844518568,0.025996116202292637
374,0.027364332844518568,0.025996116202292637
375,0.027364332844518568,0.025996116202292637
376,0.027364332844518568,0.025996116202292637
377,0.027364332844518568,0.025996116202292637
378,0.027364332844518568,0.025996116202292637
379,0.027364332844518568,0.025996116202292637
380,0.027364332844518568,0.025996116202292637
381,0.027364332844518568,0.025996116202292637
382,0.027364332844518568,0.025996116202292637
383,0.027364332844518568,0.025996116202292637
384,0.027364332844518568,0.025996116202292637
385,0.027364332844518568,0.025996116202292637
386,0.027364332844518568,0.025996116202292637
387,0.027364332844518568,0.025996116202292637
388,0.027364332844518568,0.025996116202292637
389,0.027364332844518568,0.025996116202292637
390,0.027364332844518568,0.025996116202292637
391,0.027364332844518568,0.025996116202292637
392,0.027364332844518568,0.025996116202292637
393,0.027364332844518568,0.025996116202292637
394,0.027364332844518568,0.025996116202292637
395,0.027364332844518568,0.025996116202292637
396,0.027364332844518568,0.025996116202292637
397,0.027364332844518568,0.025996116202292637
398,0.027364332844518568,0.025996116202292637
399,0.027364332844518568,0.025996116202292637
400,0.027364332844518568,0.025996116202292637
401,0.027364332844518568,0.025996116202292637
402,0.027364332844518568,0.025996116202292637
403,0.027364332844518568,0.025996116202292637
404,0.027364332844518568,0.025996116202292637
405,0.027364332844518568,0.025996116202292637
406,0.027364332844518568,0.025996116202292637
407,0.027364332844518568,0.025996116202292637
408,0.027364332844518568,0.025996116202292637
409,0.027364332844518568,0.025996116202292637
410,0.027364332844518568,0.025996116202292637
411,0.027364332844518568,0.025996116202292637
412,0.027364332844518568,0.025996116202292637
413,0.027364332844518568,0.025996116202292637
414,0.027364332844518568,0.025996116202292637
415,0.027364332844518568,0.025996116202292637
416,0.027364332844518568,0.025996116202292637
417,0.027364332844518568,0.025996116202292637
418,0.027364332844518568,0.025996116202292637
419,0.027364332844518568,0.025996116202292637
420,0.027364332844518568,0.025996116202292637
421,0.027364332844518568,0.025996116202292637
422,0.027364332844518568,0.025996116202292637
423,0.027364332844518568,0.025996116202292637
424,0.027364332844518568,0.025996116202292637
425,0.027364332844518568,0.025996116202292637
426,0.027364332844518568,0.025996116202292637
427,0.027364332844518568,0.025996116202292637
428,0.027364332844518568,0.025996116202292637
429,0.027364332844518568,0.025996116202292637
430,0.027364332844518568,0.025996116202292637
431,0.027364332844518568,0.025996116202292637
432,0.027364332844518568,0.025996116202292637
433,0.027364332844518568,0.025996116202292637
434,0.027364332844518568,0.025996116202292637
435,0.027364332844518568,0.025996116202292637
436,0.027364332844518568,0.025996116202292637
437,0.027364332844518568,0.025996116202292637
438,0.027364332844518568,0.025996116202292637
439,0.027364332844518568,0.025996116202292637
440,0.027364332844518568,0.025996116202292637
441,0.027364332844518568,0.025996116202292637
442,0.027364332844518568,0.025996116202292637
443,0.027364332844518568,0.025996116202292637
444,0.027364332844518568,0.025996116202292637
445,0.027364332844518568,0.025996116202292637
446,0.027364332844518568,0.025996116202292637
447,0.027364332844518568,0.025996116202292637
448,0.027364332844518568,0.025996116202292637
449,0.027364332844518568,0.025996116202292637
450,0.027364332844518568,0.025996116202292637
451,0.027364332844518568,0.025996116202292637
452,0.027364332844518568,0.025996116202292637
453,0.027364332844518568,0.025996116202292637
454,0.027364332844518568,0.025996116202292637
455,0.027364332844518568,0.025996116202292637
456,0.027364332844518568,0.025996116202292637
457,0.027364332844518568,0.025996116202292637
458,0.027364332844518568,0.025996116202292637
459,0.027364332844518568,0.025996116202292637
460,0.027364332844518568,0.025996116202292637
461,0.027364332844518568,0.025996116202292637
462,0.027364332844518568,0.025996116202292637
463,0.027364332844518568,0.025996116202292637
464,0.027364332844518568,0.025996116202292637
465,0.027364332844518568,0.025996116202292637
466,0.027364332844518568,0.025996116202292637
467,0.027364332844518568,0.025996116202292637
468,0.027364332844518568,0.025996116202292637
469,0.027364332844518568,0.025996116202292637
470,0.027364332844518568,0.025996116202292637
471,0.027364332844518568,0.025996116202292637
472,0.027364332844518568,0.025996116202292637
473,0.027364332844518568,0.025996116202292637
474,0.027364332844518568,0.025996116202292637
475,0.027364332844518568,0.025996116202292637
476,0.027364332844518568,0.025996116202292637
477,0.027364332844518568,0.025996116202292637
478,0.027364332844518568,0.025996116202292637
479,0.027364332844518568,0.025996116202292637
480,0.027364332844518568,0.025996116202292637
481,0.027364332844518568,0.025996116202292637
482,0.027364332844518568,0.025996116202292637
483,0.027364332844518568,0.025996116202292637
484,0.027364332844518568,0.025996116202292637
485,0.027364332844518568,0.025996116202292637
486,0.027364332844518568,0.025996116202292637
487,0.027364332844518568,0.025996116202292637
488,0.027364332844518568,0.025996116202292637
489,0.027364332844518568,0.025996116202292637
490,0.027364332844518568,0.025996116202292637
491,0.027364332844518568,0.025996116202292637
492,0.027364332844518568,0.025996116202292637
493,0.027364332844518568,0.025996116202292637
494,0.027364332844518568,0.025996116202292637
495,0.027364332844518568,0.025996116202292637
496,0.027364332844518568,0.025996116202292637
497,0.027364332844518568,0.025996116202292637
498,0.027364332844518568,0.025996116202292637
499,0.027364332844518568,0.025996116202292637
500,0.027364332844518568,0.025996116202292637
501,0.027364332844518568,0.025996116202292637
502,0.027364332844518568,0.025996116202292637
503,0.027364332844518568,0.025996116202292637
504,0.027364332844518568,0.025996116202292637
505,0.027364332844518568,0.025996116202292637
506,0.027364332844518568,0.025996116202292637
507,0.027364332844518568,0.025996116202292637
508,0.027364332844518568,0.025996116202292637
509,0.027364332844518568,0.025996116202292637
510,0.027364332844518568,0.025996116202292637
511,0.027364332844518568,0.025996116202292637
512,0.027364332844518568,0.025996116202292637
513,0.027364332844518568,0.025996116202292637
514,0.027364332844518568,0.025996116202292637
515,0.027364332844518568,0.025996116202292637
516,0.027364332844518568,0.025996116202292637
517,0.027364332844518568,0.025996116202292637
518,0.027364332844518568,0.025996116202292637
519,0.027364332844518568,0.025996116202292637
520,0.027364332844518568,0.025996116202292637
521,0.027364332844518568,0.025996116202292637
522,0.027364332844518568,0.025996116202292637
523,0.027364332844518568,0.025996116202292637
524,0.027364332844518568,0.025996116202292637
525,0.027364332844518568,0.025996116202292637
526,0.027364332844518568,0.025996116202292637
527,0.027364332844518568,0.025996116202292637
528,0.027364332844518568,0.025996116202292637
529,0.027364332844518568,0.025996116202292637
530,0.027364332844518568,0.025996116202292637
531,0.027364332844518568,0.025996116202292637
532,0.027364332844518568,0.025996116202292637
533,0.027364332844518568,0.025996116202292637
534,0.027364332844518568,0.025996116202292637
535,0.027364332844518568,0.025996116202292637
536,0.027364332844518568,0.025996116202292637
537,0.027364332844518568,0.025996116202292637
538,0.027364332844518568,0.025996116202292637
539,0.027364332844518568,0.025996116202292637
540,0.027364332844518568,0.025996116202292637
541,0.027364332844518568,0.025996116202292637
542,0.027364332844518568,0.025996116202292637
543,0.027364332844518568,0.025996116202292637
544,0.027364332844518568,0.025996116202292637
545,0.027364332844518568,0.025996116202292637
546,0.027364332844518568,0.025996116202292637
547,0.027364332844518568,0.025996116202292637
548,0.027364332844518568,0.025996116202292637
549,0.027364332844518568,0.025996116202292637
550,0.027364332844518568,0.025996116202292637
551,0.027364332844518568,0.025996116202292637
552,0.027364332844518568,0.025996116202292637
553,0.027364332844518568,0.025996116202292637
554,0.027364332844518568,0.025996116202292637
555,0.027364332844518568,0.025996116202292637
556,0.027364332844518568,0.025996116202292637
557,0.027364332844518568,0.025996116202292637
558,0.027364332844518568,0.025996116202292637
559,0.027364332844518568,0.025996116202292637
560,0.027364332844518568,0.025996116202292637
561,0.027364332844518568,0.025996116202292637
562,0.027364332844518568,0.025996116202292637
563,0.027364332844518568,0.025996116202292637
564,0.027364332844518568,0.025996116202292637
565,0.027364332844518568,0.025996116202292637
566,0.027364332844518568,0.025996116202292637
567,0.027364332844518568,0.025996116202292637
568,0.027364332844518568,0.025996116202292637
569,0.027364332844518568,0.025996116202292637
570,0.027364332844518568,0.025996116202292637
571,0.027364332844518568,0.025996116202292637
572,0.027364332844518568,0.025996116202292637
573,0.027364332844518568,0.025996116202292637
574,0.027364332844518568,0.025996116202292637
575,0.027364332844518568,0.025996116202292637
576,0.027364332844518568,0.025996116202292637
577,0.027364332844518568,0.025996116202292637
578,0.027364332844518568,0.025996116202292637
579,0.027364332844518568,0.025996116202292637
580,0.027364332844518568,0.025996116202292637
581,0.027364332844518568,0.025996116202292637
582,0.027364332844518568,0.025996116202292637
583,0.027364332844518568,0.025996116202292637
584,0.027364332844518568,0.025996116202292637
585,0.027364332844518568,0.025996116202292637
586,0.027364332844518568,0.025996116202292637
587,0.027364332844518568,0.025996116202292637
588,0.027364332844518568,0.025996116202292637
589,0.027364332844518568,0.025996116202292637
590,0.027364332844518568,0.025996116202292637
591,0.027364332844518568,0.025996116202292637
592,0.027364332844518568,0.025996116202292637
593,0.027364332844518568,0.025996116202292637
594,0.027364332844518568,0.025996116202292637
595,0.027364332844518568,0.025996116202292637
596,0.027364332844518568,0.025996116202292637
597,0.027364332844518568,0.025996116202292637
598,0.027364332844518568,0.025996116202292637
599,0.027364332844518568,0.025996116202292637
600,0.027364332844518568,0.025996116202292637
601,0.027364332844518568,0.025996116202292637
602,0.027364332844518568,0.025996116202292637
603,0.027364332844518568,0.025996116202292637
604,0.027364332844518568,0.025996116202292637
605,0.027364332844518568,0.025996116202292637
606,0.027364332844518568,0.025996116202292637
607,0.027364332844518568,0.025996116202292637
608,0.027364332844518568,0.025996116202292637
609,0.027364332844518568,0.025996116202292637
610,0.027364332844518568,0.025996116202292637
611,0.027364332844518568,0.025996116202292637
612,0.027364332844518568,0.025996116202292637
613,0.027364332844518568,0.025996116202292637
614,0.027364332844518568,0.025996116202292637
615,0.027364332844518568,0.025996116202292637
616,0.027364332844518568,0.025996116202292637
617,0.027364332844518568,0.025996116202292637
618,0.027364332844518568,0.025996116202292637
619,0.027364332844518568,0.025996116202292637
620,0.027364332844518568,0.025996116202292637
621,0.027364332844518568,0.025996116202292637
622,0.027364332844518568,0.025996116202292637
623,0.027364332844518568,0.025996116202292637
624,0.027364332844518568,0.025996116202292637
625,0.027364332844518568,0.025996116202292637
626,0.027364332844518568,0.025996116202292637
627,0.027364332844518568,0.025996116202292637
628,0.027364332844518568,0.025996116202292637
629,0.027364332844518568,0.025996116202292637
630,0.027364332844518568,0.025996116202292637
631,0.027364332844518568,0.025996116202292637
632,0.027364332844518568,0.025996116202292637
633,0.027364332844518568,0.025996116202292637
634,0.027364332844518568,0.025996116202292637
635,0.027364332844518568,0.025996116202292637
636,0.027364332844518568,0.025996116202292637
637,0.027364332844518568,0.025996116202292637
638,0.027364332844518568,0.025996116202292637
639,0.027364332844518568,0.025996116202292637
640,0.027364332844518568,0.025996116202292637
641,0.027364332844518568,0.025996116202292637
642,0.027364332844518568,0.025996116202292637
643,0.027364332844518568,0.025996116202292637
644,0.027364332844518568,0.025996116202292637
645,0.027364332844518568,0.025996116202292637
646,0.027364332844518568,0.025996116202292637
647,0.027364332844518568,0.025996116202292637
648,0.027364332844518568,0.025996116202292637
649,0.027364332844518568,0.025996116202292637
650,0.027364332844518568,0.025996116202292637
651,0.027364332844518568,0.025996116202292637
652,0.027364332844518568,0.025996116202292637
653,0.027364332844518568,0.025996116202292637
654,0.027364332844518568,0.025996116202292637
655,0.027364332844518568,0.025996116202292637
656,0.027364332844518568,0.025996116202292637
657,0.027364332844518568,0.025996116202292637
658,0.027364332844518568,0.025996116202292637
659,0.027364332844518568,0.025996116202292637
660,0.027364332844518568,0.025996116202292637
661,0.027364332844518568,0.025996116202292637
662,0.027364332844518568,0.025996116202292637
663,0.027364332844518568,0.025996116202292637
664,0.027364332844518568,0.025996116202292637
665,0.027364332844518568,0.025996116202292637
666,0.027364332844518568,0.025996116202292637
667,0.027364332844518568,0.025996116202292637
668,0.027364332844518568,0.025996116202292637
669,0.027364332844518568,0.025996116202292637
670,0.027364332844518568,0.025996116202292637
671,0.027364332844518568,0.025996116202292637
672,0.027364332844518568,0.025996116202292637
673,0.027364332844518568,0.025996116202292637
674,0.027364332844518568,0.025996116202292637
675,0.027364332844518568,0.025996116202292637
676,0.027364332844518568,0.025996116202292637
677,0.027364332844518568,0.025996116202292637
678,0.027364332844518568,0.025996116202292637
679,0.027364332844518568,0.025996116202292637
680,0.027364332844518568,0.025996116202292637
681,0.027364332844518568,0.025996116202292637
682,0.027364332844518568,0.025996116202292637
683,0.027364332844518568,0.025996116202292637
684,0.027364332844518568,0.025996116202292637
685,0.027364332844518568,0.025996116202292637
686,0.027364332844518568,0.025996116202292637
687,0.027364332844518568,0.025996116202292637
688,0.027364332844518568,0.025996116202292637
689,0.027364332844518568,0.025996116202292637
690,0.027364332844518568,0.025996116202292637
691,0.027364332844518568,0.025996116202292637
692,0.027364332844518568,0.025996116202292637
693,0.027364332844518568,0.025996116202292637
694,0.027364332844518568,0.025996116202292637
695,0.027364332844518568,0.025996116202292637
696,0.027364332844518568,0.025996116202292637
697,0.027364332844518568,0.025996116202292637
698,0.027364332844518568,0.025996116202292637
699,0.027364332844518568,0.025996116202292637
700,0.027364332844518568,0.025996116202292637
701,0.027364332844518568,0.025996116202292637
702,0.027364332844518568,0.025996116202292637
703,0.027364332844518568,0.025996116202292637
704,0.027364332844518568,0.025996116202292637
705,0.027364332844518568,0.025996116202292637
706,0.027364332844518568,0.025996116202292637
707,0.027364332844518568,0.025996116202292637
708,0.027364332844518568,0.025996116202292637
709,0.027364332844518568,0.025996116202292637
710,0.027364332844518568,0.025996116202292637
711,0.027364332844518568,0.025996116202292637
712,0.027364332844518568,0.025996116202292637
713,0.027364332844518568,0.025996116202292637
714,0.027364332844518568,0.025996116202292637
715,0.027364332844518568,0.025996116202292637
716,0.027364332844518568,0.025996116202292637
717,0.027364332844518568,0.025996116202292637
718,0.027364332844518568,0.025996116202292637
719,0.027364332844518568,0.025996116202292637
720,0.027364332844518568,0.025996116202292637
721,0.027364332844518568,0.025996116202292637
722,0.027364332844518568,0.025996116202292637
723,0.027364332844518568,0.025996116202292637
724,0.027364332844518568,0.025996116202292637
725,0.027364332844518568,0.025996116202292637
726,0.027364332844518568,0.025996116202292637
727,0.027364332844518568,0.025996116202292637
728,0.027364332844518568,0.025996116202292637
729,0.027364332844518568,0.025996116202292637
730,0.027364332844518568,0.025996116202292637
731,0.027364332844518568,0.025996116202292637
732,0.027364332844518568,0.025996116202292637
733,0.027364332844518568,0.025996116202292637
734,0.027364332844518568,0.025996116202292637
735,0.027364332844518568,0.025996116202292637
736,0.027364332844518568,0.025996116202292637
737,0.027364332844518568,0.025996116202292637
738,0.027364332844518568,0.025996116202292637
739,0.027364332844518568,0.025996116202292637
740,0.027364332844518568,0.025996116202292637
741,0.027364332844518568,0.025996116202292637
742,0.027364332844518568,0.025996116202292637
743,0.027364332844518568,0.025996116202292637
744,0.027364332844518568,0.025996116202292637
745,0.027364332844518568,0.025996116202292637
746,0.027364332844518568,0.025996116202292637
747,0.027364332844518568,0.025996116202292637
748,0.027364332844518568,0.025996116202292637
749,0.027364332844518568,0.025996116202292637
750,0.027364332844518568,0.025996116202292637
751,0.027364332844518568,0.025996116202292637
752,0.027364332844518568,0.025996116202292637
753,0.027364332844518568,0.025996116202292637
754,0.027364332844518568,0.025996116202292637
755,0.027364332844518568,0.025996116202292637
756,0.027364332844518568,0.025996116202292637
757,0.027364332844518568,0.025996116202292637
758,0.027364332844518568,0.025996116202292637
759,0.027364332844518568,0.025996116202292637
760,0.027364332844518568,0.025996116202292637
761,0.027364332844518568,0.025996116202292637
762,0.027364332844518568,0.025996116202292637
763,0.027364332844518568,0.025996116202292637
764,0.027364332844518568,0.025996116202292637
765,0.027364332844518568,0.025996116202292637
766,0.027364332844518568,0.025996116202292637
767,0.027364332844518568,0.025996116202292637
768,0.027364332844518568,0.025996116202292637
769,0.027364332844518568,0.025996116202292637
770,0.027364332844518568,0.025996116202292637
771,0.027364332844518568,0.025996116202292637
772,0.027364332844518568,0.025996116202292637
773,0.027364332844518568,0.025996116202292637
774,0.027364332844518568,0.025996116202292637
775,0.027364332844518568,0.025996116202292637
776,0.027364332844518568,0.025996116202292637
777,0.027364332844518568,0.025996116202292637
778,0.027364332844518568,0.025996116202292637
779,0.027364332844518568,0.025996116202292637
780,0.027364332844518568,0.025996116202292637
781,0.027364332844518568,0.025996116202292637
782,0.027364332844518568,0.025996116202292637
783,0.027364332844518568,0.025996116202292637
784,0.027364332844518568,0.025996116202292637
785,0.027364332844518568,0.025996116202292637
786,0.027364332844518568,0.025996116202292637
787,0.027364332844518568,0.025996116202292637
788,0.027364332844518568,0.025996116202292637
789,0.027364332844518568,0.025996116202292637
790,0.027364332844518568,0.025996116202292637
791,0.027364332844518568,0.025996116202292637
792,0.027364332844518568,0.025996116202292637
793,0.027364332844518568,0.025996116202292637
794,0.027364332844518568,0.025996116202292637
795,0.027364332844518568,0.025996116202292637
796,0.027364332844518568,0.025996116202292637
797,0.027364332844518568,0.025996116202292637
798,0.027364332844518568,0.025996116202292637
799,0.027364332844518568,0.025996116202292637
800,0.027364332844518568,0.025996116202292637
801,0.027364332844518568,0.025996116202292637
802,0.027364332844518568,0.025996116202292637
803,0.027364332844518568,0.025996116202292637
804,0.027364332844518568,0.025996116202292637
805,0.027364332844518568,0.025996116202292637
806,0.027364332844518568,0.025996116202292637
807,0.027364332844518568,0.025996116202292637
808,0.027364332844518568,0.025996116202292637
809,0.027364332844518568,0.025996116202292637
810,0.027364332844518568,0.025996116202292637
811,0.027364332844518568,0.025996116202292637
812,0.027364332844518568,0.025996116202292637
813,0.027364332844518568,0.025996116202292637
814,0.027364332844518568,0.025996116202292637
815,0.027364332844518568,0.025996116202292637
816,0.027364332844518568,0.025996116202292637
817,0.027364332844518568,0.025996116202292637
818,0.027364332844518568,0.025996116202292637
819,0.027364332844518568,0.025996116202292637
820,0.027364332844518568,0.025996116202292637
821,0.027364332844518568,0.025996116202292637
822,0.027364332844518568,0.025996116202292637
823,0.027364332844518568,0.025996116202292637
824,0.027364332844518568,0.025996116202292637
825,0.027364332844518568,0.025996116202292637
826,0.027364332844518568,0.025996116202292637
827,0.027364332844518568,0.025996116202292637
828,0.027364332844518568,0.025996116202292637
829,0.027364332844518568,0.025996116202292637
830,0.027364332844518568,0.025996116202292637
831,0.027364332844518568,0.025996116202292637
832,0.027364332844518568,0.025996116202292637
833,0.027364332844518568,0.025996116202292637
834,0.027364332844518568,0.025996116202292637
835,0.027364332844518568,0.025996116202292637
836,0.027364332844518568,0.025996116202292637
837,0.027364332844518568,0.025996116202292637
838,0.027364332844518568,0.025996116202292637
839,0.027364332844518568,0.025996116202292637
840,0.027364332844518568,0.025996116202292637
841,0.027364332844518568,0.025996116202292637
842,0.027364332844518568,0.025996116202292637
843,0.027364332844518568,0.025996116202292637
844,0.027364332844518568,0.025996116202292637
845,0.027364332844518568,0.025996116202292637
846,0.027364332844518568,0.025996116202292637
847,0.027364332844518568,0.025996116202292637
848,0.027364332844518568,0.025996116202292637
849,0.027364332844518568,0.025996116202292637
850,0.027364332844518568,0.025996116202292637
851,0.027364332844518568,0.025996116202292637
852,0.027364332844518568,0.025996116202292637
853,0.027364332844518568,0.025996116202292637
854,0.027364332844518568,0.025996116202292637
855,0.027364332844518568,0.025996116202292637
856,0.027364332844518568,0.025996116202292637
857,0.027364332844518568,0.025996116202292637
858,0.027364332844518568,0.025996116202292637
859,0.027364332844518568,0.025996116202292637
860,0.027364332844518568,0.025996116202292637
861,0.027364332844518568,0.025996116202292637
862,0.027364332844518568,0.025996116202292637
863,0.027364332844518568,0.025996116202292637
864,0.027364332844518568,0.025996116202292637
865,0.027364332844518568,0.025996116202292637
866,0.027364332844518568,0.025996116202292637
867,0.027364332844518568,0.025996116202292637
868,0.027364332844518568,0.025996116202292637
869,0.027364332844518568,0.025996116202292637
870,0.027364332844518568,0.025996116202292637
871,0.027364332844518568,0.025996116202292637
872,0.027364332844518568,0.025996116202292637
873,0.027364332844518568,0.025996116202292637
874,0.027364332844518568,0.025996116202292637
875,0.027364332844518568,0.025996116202292637
876,0.027364332844518568,0.025996116202292637
877,0.027364332844518568,0.025996116202292637
878,0.027364332844518568,0.025996116202292637
879,0.027364332844518568,0.025996116202292637
880,0.027364332844518568,0.025996116202292637
881,0.027364332844518568,0.025996116202292637
882,0.027364332844518568,0.025996116202292637
883,0.027364332844518568,0.025996116202292637
884,0.027364332844518568,0.025996116202292637
885,0.027364332844518568,0.025996116202292637
886,0.027364332844518568,0.025996116202292637
887,0.027364332844518568,0.025996116202292637
888,0.027364332844518568,0.025996116202292637
889,0.027364332844518568,0.025996116202292637
890,0.027364332844518568,0.025996116202292637
891,0.027364332844518568,0.025996116202292637
892,0.027364332844518568,0.025996116202292637
893,0.027364332844518568,0.025996116202292637
894,0.027364332844518568,0.025996116202292637
895,0.027364332844518568,0.025996116202292637
896,0.027364332844518568,0.025996116202292637
897,0.027364332844518568,0.025996116202292637
898,0.027364332844518568,0.025996116202292637
899,0.027364332844518568,0.025996116202292637
900,0.027364332844518568,0.025996116202292637
901,0.027364332844518568,0.025996116202292637
902,0.027364332844518568,0.025996116202292637
903,0.027364332844518568,0.025996116202292637
904,0.027364332844518568,0.025996116202292637
905,0.027364332844518568,0.025996116202292637
906,0.027364332844518568,0.025996116202292637
907,0.027364332844518568,0.025996116202292637
908,0.027364332844518568,0.025996116202292637
909,0.027364332844518568,0.025996116202292637
910,0.027364332844518568,0.025996116202292637
911,0.027364332844518568,0.025996116202292637
912,0.027364332844518568,0.025996116202292637
913,0.027364332844518568,0.025996116202292637
914,0.027364332844518568,0.025996116202292637
915,0.027364332844518568,0.025996116202292637
916,0.027364332844518568,0.025996116202292637
917,0.027364332844518568,0.025996116202292637
918,0.027364332844518568,0.025996116202292637
919,0.027364332844518568,0.025996116202292637
920,0.027364332844518568,0.025996116202292637
921,0.027364332844518568,0.025996116202292637
922,0.027364332844518568,0.025996116202292637
923,0.027364332844518568,0.025996116202292637
924,0.027364332844518568,0.025996116202292637
925,0.027364332844518568,0.025996116202292637
926,0.027364332844518568,0.025996116202292637
927,0.027364332844518568,0.025996116202292637
928,0.027364332844518568,0.025996116202292637
929,0.027364332844518568,0.025996116202292637
930,0.027364332844518568,0.025996116202292637
931,0.027364332844518568,0.025996116202292637
932,0.027364332844518568,0.025996116202292637
933,0.027364332844518568,0.025996116202292637
934,0.027364332844518568,0.025996116202292637
935,0.027364332844518568,0.025996116202292637
936,0.027364332844518568,0.025996116202292637
937,0.027364332844518568,0.025996116202292637
938,0.027364332844518568,0.025996116202292637
939,0.027364332844518568,0.025996116202292637
940,0.027364332844518568,0.025996116202292637
941,0.027364332844518568,0.025996116202292637
942,0.027364332844518568,0.025996116202292637
943,0.027364332844518568,0.025996116202292637
944,0.027364332844518568,0.025996116202292637
945,0.027364332844518568,0.025996116202292637
946,0.027364332844518568,0.025996116202292637
947,0.027364332844518568,0.025996116202292637
948,0.027364332844518568,0.025996116202292637
949,0.027364332844518568,0.025996116202292637
950,0.027364332844518568,0.025996116202292637
951,0.027364332844518568,0.025996116202292637
952,0.027364332844518568,0.025996116202292637
953,0.027364332844518568,0.025996116202292637
954,0.027364332844518568,0.025996116202292637
955,0.027364332844518568,0.025996116202292637
956,0.027364332844518568,0.025996116202292637
957,0.027364332844518568,0.025996116202292637
958,0.027364332844518568,0.025996116202292637
959,0.027364332844518568,0.025996116202292637
960,0.027364332844518568,0.025996116202292637
961,0.027364332844518568,0.025996116202292637
962,0.027364332844518568,0.025996116202292637
963,0.027364332844518568,0.025996116202292637
964,0.027364332844518568,0.025996116202292637
965,0.027364332844518568,0.025996116202292637
966,0.027364332844518568,0.025996116202292637
967,0.027364332844518568,0.025996116202292637
968,0.027364332844518568,0.025996116202292637
969,0.027364332844518568,0.025996116202292637
970,0.027364332844518568,0.025996116202292637
971,0.027364332844518568,0.025996116202292637
972,0.027364332844518568,0.025996116202292637
973,0.027364332844518568,0.025996116202292637
974,0.027364332844518568,0.025996116202292637
975,0.027364332844518568,0.025996116202292637
976,0.027364332844518568,0.025996116202292637
977,0.027364332844518568,0.025996116202292637
978,0.027364332844518568,0.025996116202292637
979,0.027364332844518568,0.025996116202292637
980,0.027364332844518568,0.025996116202292637
981,0.027364332844518568,0.025996116202292637
982,0.027364332844518568,0.025996116202292637
983,0.027364332844518568,0.025996116202292637
984,0.027364332844518568,0.025996116202292637
985,0.027364332844518568,0.025996116202292637
986,0.027364332844518568,0.025996116202292637
987,0.027364332844518568,0.025996116202292637
988,0.027364332844518568,0.025996116202292637
989,0.027364332844518568,0.025996116202292637
990,0.027364332844518568,0.025996116202292637
991,0.027364332844518568,0.025996116202292637
992,0.027364332844518568,0.025996116202292637
993,0.027364332844518568,0.025996116202292637
994,0.027364332844518568,0.025996116202292637
995,0.027364332844518568,0.025996116202292637
996,0.027364332844518568,0.025996116202292637
997,0.027364332844518568,0.025996116202292637
998,0.027364332844518568,0.025996116202292637
999,0.027364332844518568,0.025996116202292637
